Open,High,Low,Close,Volume,Year,Month,Day
42120,42330,41700,41830,610000,2016,12,30
43000,43220,42540,42660,448400,2016,12,29
43940,43970,43270,43270,339900,2016,12,28
43140,43700,43140,43620,400100,2016,12,27
43310,43660,43090,43340,358200,2016,12,26
43660,43840,43190,43480,381600,2016,12,22
43900,44370,43610,44000,658900,2016,12,21
42910,43630,42860,43620,499400,2016,12,20
42790,43150,42740,43130,358700,2016,12,19
43350,43550,42810,43130,542000,2016,12,16
43440,43880,42550,43000,627400,2016,12,15
43300,43440,42590,43090,548800,2016,12,14
43130,43300,42630,43210,434500,2016,12,13
43950,44000,42880,43130,775300,2016,12,12
41700,42970,41150,42590,1975600,2016,12,9
41480,41560,40830,41100,639900,2016,12,8
40500,41150,40420,40870,536800,2016,12,7
40350,40500,39860,40150,618100,2016,12,6
40060,40350,39690,39760,620500,2016,12,5
40300,40660,39960,40660,573000,2016,12,2
40500,41190,40320,40460,850700,2016,12,1
40300,40340,39570,39570,692200,2016,11,30
40420,40580,40100,40200,894400,2016,11,29
41260,41440,40830,41260,384800,2016,11,28
41820,42020,41220,41370,665500,2016,11,25
41300,41760,41170,41730,692900,2016,11,24
39880,40360,39660,40360,500200,2016,11,22
40210,40270,39510,39970,609600,2016,11,21
39980,40620,39900,40190,886500,2016,11,18
39200,39710,39050,39280,573700,2016,11,17
39130,39750,39110,39400,764300,2016,11,16
38600,38980,38470,38570,555600,2016,11,15
37730,38690,37680,38580,784100,2016,11,14
37590,37940,37190,37600,1329900,2016,11,11
36480,37110,36000,36890,1309900,2016,11,10
36920,37220,33520,33680,1570400,2016,11,9
36870,37050,36410,36550,417500,2016,11,8
36020,36710,36000,36640,648000,2016,11,7
35460,35930,35360,35510,499100,2016,11,4
35450,35940,35420,35540,396700,2016,11,2
35440,36050,35310,35890,366200,2016,11,1
35690,36030,35450,35460,344400,2016,10,31
36020,36450,35980,35980,454200,2016,10,28
36250,36370,35600,35770,426500,2016,10,27
36840,36850,36380,36450,353400,2016,10,26
36500,36940,36450,36850,400800,2016,10,25
36650,36660,36000,36300,365000,2016,10,24
36350,36850,36180,36300,579900,2016,10,21
34910,36330,34910,36330,751800,2016,10,20
34900,35050,34600,35020,356500,2016,10,19
34490,34900,34210,34900,477400,2016,10,18
34710,35030,34180,34210,657500,2016,10,17
33200,35090,33200,34800,1671000,2016,10,14
34000,34290,33010,33150,556000,2016,10,13
33550,34030,33380,33790,464500,2016,10,12
33580,34040,33560,33920,529400,2016,10,11
33600,33900,33400,33500,407300,2016,10,7
34200,34460,34030,34040,454400,2016,10,6
34150,34200,33600,33940,534400,2016,10,5
33300,33950,33150,33490,688900,2016,10,4
32800,32990,32580,32980,421000,2016,10,3
32030,32490,31970,32290,650400,2016,9,30
32620,32650,32140,32480,453600,2016,9,29
32400,32440,31800,32040,558400,2016,9,28
32530,32650,31860,32400,626100,2016,9,27
32780,33350,32640,32710,656700,2016,9,26
32950,33760,32810,33230,692500,2016,9,23
32370,33190,31010,33000,1536200,2016,9,21
33480,33530,32480,32510,1042300,2016,9,20
33990,34400,33600,34360,606600,2016,9,16
34740,34820,33930,34110,663400,2016,9,15
35400,35540,34950,35080,466300,2016,9,14
35880,36140,35560,35750,384100,2016,9,13
35930,36180,35340,35470,482400,2016,9,12
36410,36590,35970,36330,1014200,2016,9,9
36700,36750,36020,36410,475000,2016,9,8
36600,36900,36220,36390,593600,2016,9,7
36990,37310,36820,36860,540100,2016,9,6
36500,37520,36480,37120,780400,2016,9,5
35750,35900,35340,35700,772200,2016,9,2
36400,36490,35680,35940,694200,2016,9,1
36500,36750,36310,36340,443200,2016,8,31
36220,36500,36210,36440,499700,2016,8,30
35910,36480,35670,36450,723500,2016,8,29
35400,35790,34780,35370,1117000,2016,8,26
35400,35890,34660,35460,1371300,2016,8,25
36160,36850,35470,35600,897700,2016,8,24
36680,37050,36480,36580,546500,2016,8,23
37270,37360,36910,36980,354100,2016,8,22
36950,37590,36840,37150,587300,2016,8,19
36880,37620,36450,36560,855000,2016,8,18
36740,37170,36700,36970,524600,2016,8,17
37590,37680,36500,36500,961900,2016,8,16
38140,38230,37580,37630,384700,2016,8,15
37530,38250,37120,38080,899600,2016,8,12
37600,37860,36930,37000,825600,2016,8,10
37700,38250,37180,37500,837900,2016,8,9
37800,37950,37150,37880,952000,2016,8,8
35950,36880,35670,36640,1295200,2016,8,5
35200,35530,34210,35500,1224800,2016,8,4
34340,35080,33900,34540,1288600,2016,8,3
34330,34580,33610,33640,640000,2016,8,2
33300,34900,33110,34670,947300,2016,8,1
32230,34150,32210,33430,827000,2016,7,29
33300,33370,32850,32910,385700,2016,7,28
32880,34240,32830,33630,734500,2016,7,27
33040,33300,32360,32530,574100,2016,7,26
32630,33350,32560,33170,473700,2016,7,25
33160,33240,32530,32640,492500,2016,7,22
33420,34450,33420,33720,737000,2016,7,21
33160,33280,32750,32920,662300,2016,7,20
34500,35000,33120,33700,1391900,2016,7,19
31000,32660,31000,32660,1675600,2016,7,15
27750,28010,27390,27660,570100,2016,7,14
28500,28500,27675,28145,765800,2016,7,13
27750,27995,27510,27800,909100,2016,7,12
26200,26995,26105,26845,757700,2016,7,11
26020,26145,25355,25445,993300,2016,7,8
26185,26665,25910,26030,603200,2016,7,7
26000,26070,25305,25900,995800,2016,7,6
27205,27225,26460,26540,928100,2016,7,5
26800,27920,26760,27705,555400,2016,7,4
27710,27845,27155,27360,485300,2016,7,1
27905,27980,27245,27300,721600,2016,6,30
27955,27980,27480,27595,790700,2016,6,29
27000,27730,26705,27455,693000,2016,6,28
26795,27470,26325,27385,823500,2016,6,27
29525,29925,26120,26295,1569600,2016,6,24
28500,29425,28375,29340,684400,2016,6,23
28465,28550,27765,28230,571500,2016,6,22
28230,28645,27800,28595,471200,2016,6,21
27940,28695,27940,28395,736600,2016,6,20
27535,27900,27435,27550,789100,2016,6,17
28390,28865,27210,27260,895500,2016,6,16
28010,28390,27750,28255,733600,2016,6,15
29060,29190,28055,28330,800300,2016,6,14
29380,29605,29050,29055,737300,2016,6,13
29950,30270,29630,29815,1320400,2016,6,10
30260,30500,29855,29940,505800,2016,6,9
30030,30450,29810,30450,548200,2016,6,8
30050,30190,29710,29995,662200,2016,6,7
29420,30200,29335,30090,704700,2016,6,6
29205,30450,29100,30120,1410200,2016,6,3
28800,28800,28100,28180,726800,2016,6,2
29510,29845,28880,28965,583400,2016,6,1
29195,29995,29155,29885,532200,2016,5,31
29195,29485,28905,29385,476000,2016,5,30
29700,29725,28970,29000,461300,2016,5,27
29240,29745,29135,29400,685900,2016,5,26
28165,28830,28090,28740,762100,2016,5,25
27995,28035,27515,27665,605500,2016,5,24
28520,28610,27615,27965,593200,2016,5,23
28375,28870,27930,28775,487300,2016,5,20
28800,29065,28255,28475,466800,2016,5,19
28510,28860,28135,28585,799200,2016,5,18
28750,28945,28235,28660,650500,2016,5,17
28655,28950,28050,28150,594700,2016,5,16
29380,29380,28490,28500,874500,2016,5,13
28610,29115,28205,29020,452600,2016,5,12
29395,29520,28650,28750,531800,2016,5,11
29065,29095,28160,28895,755400,2016,5,10
28195,28670,28050,28610,535900,2016,5,9
28140,28330,27355,28020,923300,2016,5,6
27685,28260,27560,27945,1017200,2016,5,2
31490,32040,29160,29185,1499200,2016,4,28
30550,31290,30530,30980,1306500,2016,4,27
30880,31250,30150,30540,887400,2016,4,26
32110,32490,31050,31140,936700,2016,4,25
30610,32220,30610,31950,1255200,2016,4,22
30500,31280,30310,30890,1271300,2016,4,21
30310,30420,29180,29425,1070000,2016,4,20
28985,30020,28950,29870,1059500,2016,4,19
28640,28825,28030,28075,964900,2016,4,18
29000,30250,28850,29615,1047300,2016,4,15
29275,29935,29140,29800,1174300,2016,4,14
27500,28825,27140,28695,1606000,2016,4,13
26590,27025,26320,26915,833600,2016,4,12
26620,27090,26375,26815,1159400,2016,4,11
27500,27785,26395,26610,2352200,2016,4,8
31880,31880,30370,30490,777300,2016,4,7
31860,32250,31550,31640,631900,2016,4,6
32970,32990,31890,32020,850800,2016,4,5
33770,34080,33300,33410,654300,2016,4,4
35800,35940,33860,34070,803200,2016,4,1
36850,36950,36020,36020,648000,2016,3,31
37040,37050,36470,36500,417200,2016,3,30
35940,36780,35390,36780,635000,2016,3,29
36690,36760,36070,36150,391200,2016,3,28
36480,36720,36270,36410,405700,2016,3,25
36690,36900,36210,36240,620800,2016,3,24
36000,36860,35900,36760,765600,2016,3,23
35760,35900,35100,35660,455200,2016,3,22
35810,35960,34840,35120,639500,2016,3,18
36280,36810,35630,35850,572700,2016,3,17
36000,36260,35660,35910,437900,2016,3,16
36680,36950,36180,36270,747000,2016,3,15
35400,36390,35400,36390,824300,2016,3,14
33400,34850,33350,34590,1626200,2016,3,11
34200,34230,33840,34030,444900,2016,3,10
33900,34150,33610,33690,652900,2016,3,9
34690,34710,33940,34420,809900,2016,3,8
34810,34810,34400,34490,645500,2016,3,7
34630,34700,34210,34410,537400,2016,3,4
33330,34660,33080,34530,1056000,2016,3,3
32000,33530,31970,33330,1110600,2016,3,2
31390,31620,30910,31310,757700,2016,3,1
31520,31990,31280,31340,658800,2016,2,29
31770,32420,31540,31540,702100,2016,2,26
31190,31420,30760,31230,619000,2016,2,25
31700,31800,31170,31320,580000,2016,2,24
32000,32560,31630,31960,577700,2016,2,23
31130,32240,31130,31760,693500,2016,2,22
31610,31780,31040,31500,751100,2016,2,19
32500,32520,31340,31960,1016000,2016,2,18
32690,32820,30720,31240,1105600,2016,2,17
32710,33530,32210,32810,980300,2016,2,16
33130,33490,32520,33220,1016700,2016,2,15
31870,32770,31060,32390,2255200,2016,2,12
33100,33300,31820,32520,1002100,2016,2,10
33590,34050,32710,32870,1000500,2016,2,9
34030,35330,33710,35070,835400,2016,2,8
34750,35070,34080,34590,957900,2016,2,5
36500,36660,35270,35400,1106300,2016,2,4
37470,37880,36250,36620,1060500,2016,2,3
37370,37570,37030,37240,600100,2016,2,2
38610,38710,37320,37670,884000,2016,2,1
37320,39890,36660,38430,1626100,2016,1,29
37090,37730,36930,37120,767900,2016,1,28
37290,38270,37170,37610,771700,2016,1,27
37000,37120,36750,36990,814700,2016,1,26
37650,38190,36790,37870,974800,2016,1,25
35700,37710,35620,37420,1418900,2016,1,22
35810,36060,34540,34610,1321500,2016,1,21
37470,37480,35380,35650,1254300,2016,1,20
36610,37320,36410,37220,739800,2016,1,19
36370,36980,35730,36730,795800,2016,1,18
38120,38490,36810,37000,786100,2016,1,15
37290,37800,36850,37640,863300,2016,1,14
37840,38720,37740,38690,805500,2016,1,13
37210,38050,37130,37630,1074300,2016,1,12
36700,38580,36180,38140,2502700,2016,1,8
40000,40500,39010,39050,795900,2016,1,7
40320,41070,39850,40170,808800,2016,1,6
40360,41230,40110,40430,817500,2016,1,5
42000,42200,40450,40650,857100,2016,1,4
42300,42700,41950,42640,388000,2015,12,30
42240,42780,41860,42160,500600,2015,12,29
43240,43350,42300,42590,331200,2015,12,28
43000,43540,42850,43140,348500,2015,12,25
43920,43920,43030,43050,459000,2015,12,24
43940,44000,43120,43230,396800,2015,12,22
43650,44240,42860,43750,683300,2015,12,21
45300,47120,44030,44070,1312600,2015,12,18
45490,45790,44890,45180,929900,2015,12,17
44660,44960,44010,44520,651600,2015,12,16
44800,45050,43880,43980,499900,2015,12,15
44540,44790,44310,44520,624100,2015,12,14
45190,46270,45190,45940,1498900,2015,12,11
45650,45850,45300,45440,562700,2015,12,10
47110,47300,46290,46610,447700,2015,12,9
47240,47960,47030,47160,386200,2015,12,8
47470,47860,47340,47520,394400,2015,12,7
47110,47660,46560,46720,700800,2015,12,4
48110,48310,47170,48210,916600,2015,12,3
49600,49640,48910,48980,514800,2015,12,2
49880,50080,49400,49890,616300,2015,12,1
49610,49980,49430,49780,487300,2015,11,30
49390,49840,49250,49640,489800,2015,11,27
48720,49480,48710,49330,498000,2015,11,26
48240,48500,47810,48480,404900,2015,11,25
48150,48320,47980,48230,317200,2015,11,24
48400,48500,47890,48210,420200,2015,11,20
48210,48870,47730,48350,713500,2015,11,19
48000,48400,47450,47480,585200,2015,11,18
47330,47650,46950,47400,645100,2015,11,17
46460,46770,46300,46440,474700,2015,11,16
47700,47820,46900,47490,726600,2015,11,13
47350,47890,47290,47880,376100,2015,11,12
47560,48200,47300,47420,542700,2015,11,11
46550,47650,46420,47600,574400,2015,11,10
46390,46880,46250,46720,737700,2015,11,9
44920,45430,44720,45400,499900,2015,11,6
44600,44920,44160,44770,482000,2015,11,5
43920,44870,43690,44350,688800,2015,11,4
43760,44470,43150,43220,442500,2015,11,2
43400,44560,42930,44380,734900,2015,10,30
44470,44480,42960,43420,524600,2015,10,29
44060,44190,43800,44130,357800,2015,10,28
44150,44280,43650,43780,524300,2015,10,27
44480,44500,43910,44000,451100,2015,10,26
43920,44290,43730,43870,880200,2015,10,23
43200,43700,43010,43220,468300,2015,10,22
43050,44080,42990,43810,615500,2015,10,21
43310,43520,42980,43200,312800,2015,10,20
43060,43580,42940,43130,585400,2015,10,19
43330,43680,43080,43400,570300,2015,10,16
42300,43290,41830,42870,748300,2015,10,15
42000,43530,41650,42730,1391000,2015,10,14
43600,43600,41970,42260,1425600,2015,10,13
44440,44910,43710,43900,2522700,2015,10,9
49380,49480,48350,48640,552800,2015,10,8
49750,50190,48910,49800,667900,2015,10,7
50390,50700,49580,50590,606400,2015,10,6
49260,49940,49110,49730,515100,2015,10,5
49120,49830,48600,48730,425900,2015,10,2
48370,49940,48030,49300,808500,2015,10,1
47700,48660,47280,48490,814000,2015,9,30
47140,47370,46690,47150,960200,2015,9,29
46850,47560,46400,47490,644100,2015,9,28
45410,46800,45410,46800,769700,2015,9,25
45000,46260,44660,45300,536700,2015,9,24
46710,47245,46160,46160,570000,2015,9,18
47075,47460,46665,47405,493800,2015,9,17
47550,47885,45895,46375,660100,2015,9,16
46700,47900,46655,47150,707200,2015,9,15
48060,48250,46020,46365,672500,2015,9,14
46160,47860,46060,47620,2153600,2015,9,11
47625,47995,45960,46925,1201700,2015,9,10
46950,49725,46260,49725,1322600,2015,9,9
47155,47270,45125,45170,608900,2015,9,8
46110,47595,45270,46665,696300,2015,9,7
48150,48345,46120,46465,667100,2015,9,4
49515,49550,47510,47795,699500,2015,9,3
46845,49595,46680,48400,946400,2015,9,2
48990,49145,47480,47480,725400,2015,9,1
50430,50640,48890,49265,700000,2015,8,31
50880,51090,50070,50830,645900,2015,8,28
51000,51380,49620,50290,749100,2015,8,27
47275,50710,46210,50620,1478500,2015,8,26
49900,51450,47660,47975,1550200,2015,8,25
51440,52890,50120,50900,1074700,2015,8,24
53130,53680,52140,52170,675800,2015,8,21
53920,54650,53250,54040,465800,2015,8,20
54130,54740,53740,53860,485500,2015,8,19
55500,55940,54400,54510,420900,2015,8,18
55390,55620,55110,55500,254500,2015,8,17
55090,55450,54470,54990,612900,2015,8,14
54880,55720,54320,55510,738900,2015,8,13
55000,55670,54000,54000,853500,2015,8,12
56540,56760,55020,55550,712200,2015,8,11
56050,57320,55910,56540,563000,2015,8,10
56430,57080,56200,56700,643700,2015,8,7
58880,58900,56920,57220,854100,2015,8,6
59580,59960,58440,58480,910800,2015,8,5
60450,61830,60360,61380,502800,2015,8,4
60820,61280,60440,60740,363300,2015,8,3
61550,61650,60670,61370,498200,2015,7,31
60800,61970,60740,61930,737700,2015,7,30
59880,60460,59480,60230,559600,2015,7,29
58050,59460,57820,59370,565800,2015,7,28
57840,58610,57520,58270,376900,2015,7,27
58900,59080,58210,58250,394400,2015,7,24
58800,60000,58700,59280,486000,2015,7,23
58510,59180,58500,58790,440000,2015,7,22
57800,59280,57580,59270,524100,2015,7,21
56840,57440,56760,57220,429000,2015,7,17
56100,56850,55900,56600,613000,2015,7,16
55840,56070,55240,55670,445300,2015,7,15
55010,55950,54780,55530,655900,2015,7,14
54000,54690,53650,54530,671300,2015,7,13
56000,56020,53740,54010,1901200,2015,7,10
55200,57460,54760,57460,1136200,2015,7,9
56250,56540,54810,55180,906400,2015,7,8
55920,56250,55640,56250,505900,2015,7,7
54570,55640,54320,54810,876900,2015,7,6
56130,56280,54880,55740,989600,2015,7,3
57780,58400,57200,57870,657100,2015,7,2
55850,56660,55700,56610,439300,2015,7,1
54900,55560,54530,55560,489700,2015,6,30
55500,56180,54550,54560,765900,2015,6,29
56490,56870,56130,56240,413600,2015,6,26
55390,57000,55360,55970,556400,2015,6,25
55300,55900,54900,55590,552500,2015,6,24
53960,55080,53780,55080,675700,2015,6,23
52380,53960,52350,53910,598500,2015,6,22
52340,52570,52140,52170,459700,2015,6,19
52590,52590,52080,52200,398500,2015,6,18
52550,52720,52050,52560,374400,2015,6,17
52660,53100,52340,52550,359800,2015,6,16
52320,52770,52290,52740,361900,2015,6,15
53400,53400,52440,52770,1304500,2015,6,12
51390,52980,51370,52980,726900,2015,6,11
50970,51440,50580,51000,493800,2015,6,10
51390,51580,50660,50660,517400,2015,6,9
51330,51750,51250,51720,453900,2015,6,8
50690,51060,50520,50960,356400,2015,6,5
51270,51430,50640,50740,432400,2015,6,4
51250,51270,50830,51030,476000,2015,6,3
51440,51500,51030,51320,356000,2015,6,2
51120,51440,50970,51250,351700,2015,6,1
50700,51640,50550,51300,588000,2015,5,29
51270,51490,50630,50970,524300,2015,5,28
50510,50980,50460,50930,424300,2015,5,27
50750,50950,50520,50880,474200,2015,5,26
50150,50810,50150,50670,359400,2015,5,25
50010,50400,49635,50300,395300,2015,5,22
50110,50460,49995,50100,317500,2015,5,21
50280,50630,50050,50200,509100,2015,5,20
49490,50230,49250,50010,728500,2015,5,19
48505,49130,48280,49035,297700,2015,5,18
48680,48940,48410,48565,429300,2015,5,15
49055,49150,48220,48275,666700,2015,5,14
48545,49545,48130,49515,638200,2015,5,13
48250,48620,47930,48335,556400,2015,5,12
47820,48450,47660,48450,498500,2015,5,11
47100,47790,47030,47120,822600,2015,5,8
47295,47500,47015,47105,608200,2015,5,7
47205,47830,47075,47590,554700,2015,5,1
48480,48480,47295,47295,832300,2015,4,30
48600,49145,48410,48930,567700,2015,4,28
48700,48710,48050,48050,481100,2015,4,27
49225,49435,48675,48705,422900,2015,4,24
49450,49600,48965,49395,545500,2015,4,23
48830,49340,48635,49245,549500,2015,4,22
48270,48500,47730,48385,481500,2015,4,21
47600,48310,47400,48075,504800,2015,4,20
48500,48595,47750,47760,534500,2015,4,17
49220,49270,48520,48600,466000,2015,4,16
49735,49860,49030,49185,460700,2015,4,15
49835,50080,49705,49805,377400,2015,4,14
50200,50350,49750,50150,468900,2015,4,13
49500,50650,49410,49700,1730300,2015,4,10
47715,48560,47685,48500,630800,2015,4,9
47380,47580,47095,47580,483600,2015,4,8
47410,47540,47020,47540,537700,2015,4,7
47395,47620,47235,47300,465200,2015,4,6
47280,47765,47200,47610,511000,2015,4,3
46865,47280,46505,47115,666400,2015,4,2
47180,47200,46410,46770,883600,2015,4,1
47500,47585,46495,46495,860000,2015,3,31
46455,47880,46430,47455,730600,2015,3,30
46610,47280,45720,46225,653300,2015,3,27
46800,47055,46210,46330,508200,2015,3,26
47125,47255,46525,46925,432400,2015,3,25
47145,47480,46865,46950,457000,2015,3,24
46900,47275,46620,47145,477000,2015,3,23
45670,46815,45670,46815,616800,2015,3,20
45585,45930,45410,45475,601700,2015,3,19
46295,46325,45760,46140,468200,2015,3,18
46810,46845,46175,46200,423600,2015,3,17
46190,46760,46160,46265,498500,2015,3,16
46165,46520,45910,46275,1911400,2015,3,13
45125,45680,44840,45515,582600,2015,3,12
44190,45395,44105,44920,603900,2015,3,11
45640,45720,44255,44420,685800,2015,3,10
45680,45885,45325,45340,511600,2015,3,9
46180,46720,46015,46115,525300,2015,3,6
46010,46285,45690,45690,345900,2015,3,5
45910,46415,45770,46165,363900,2015,3,4
47000,47035,46000,46040,477800,2015,3,3
46525,47065,46300,46850,495900,2015,3,2
46150,46665,46000,46330,558800,2015,2,27
45030,46050,44940,45990,582500,2015,2,26
45000,45195,44725,44905,504200,2015,2,25
44500,45300,44440,45300,728600,2015,2,24
43545,44455,43270,44355,800900,2015,2,23
43220,43345,42810,42910,444700,2015,2,20
43780,43970,43035,43065,563200,2015,2,19
43505,43740,43325,43705,520800,2015,2,18
43850,44040,43400,43505,333700,2015,2,17
44115,44295,44000,44065,296700,2015,2,16
43940,44250,43850,44005,682000,2015,2,13
44250,44340,43870,44305,505100,2015,2,12
43615,43690,43235,43435,456700,2015,2,10
44435,44445,43900,43935,362200,2015,2,9
44175,44270,43815,44005,354300,2015,2,6
43560,43920,43425,43475,477400,2015,2,5
43100,43890,42930,43850,636800,2015,2,4
43245,43350,42055,42185,517600,2015,2,3
43400,43740,43005,43055,430700,2015,2,2
44300,44400,43720,44020,577500,2015,1,30
43165,44220,43100,43675,648300,2015,1,29
42845,43865,42720,43600,582300,2015,1,28
42870,43380,42670,43160,471200,2015,1,27
41945,42580,41900,42340,384200,2015,1,26
42970,43095,42485,42645,356600,2015,1,23
42500,42530,41800,42270,529300,2015,1,22
42800,43090,42260,42385,566300,2015,1,21
41550,42700,41455,42700,509400,2015,1,20
41850,41900,41210,41530,577600,2015,1,19
41700,41995,40610,41370,1251300,2015,1,16
42270,42945,41970,42945,757100,2015,1,15
43080,43310,41860,41940,998300,2015,1,14
44060,44295,43250,43575,938300,2015,1,13
45800,46325,44350,44760,1602100,2015,1,9
43650,44550,43400,44405,611300,2015,1,8
43005,43510,43005,43425,727000,2015,1,7
43365,43745,43110,43255,844600,2015,1,6
43580,44420,43295,44065,545000,2015,1,5
44800,44975,44040,44040,584000,2014,12,30
45730,45865,44205,44885,621900,2014,12,29
45650,45700,45270,45330,348000,2014,12,26
45535,45700,45425,45615,375700,2014,12,25
45155,45880,44840,45830,737100,2014,12,24
44830,44900,44440,44525,418400,2014,12,22
44330,44730,44050,44730,937500,2014,12,19
42640,43715,42525,43715,945700,2014,12,18
41700,42080,41525,42070,898300,2014,12,17
41450,41990,41335,41830,975700,2014,12,16
41525,42765,41525,42295,750900,2014,12,15
42015,42965,42015,42800,1924700,2014,12,12
41705,41995,41010,41910,562600,2014,12,11
42905,43200,42150,42405,604200,2014,12,10
42825,43620,42805,43415,499700,2014,12,9
43245,43535,42930,43150,464800,2014,12,8
43250,43520,43120,43240,520200,2014,12,5
44165,44185,43500,43925,418800,2014,12,4
43300,44385,43300,43795,747800,2014,12,3
43000,43410,42950,43255,416300,2014,12,2
42715,43540,42715,43425,352600,2014,12,1
42850,43330,42730,43205,423200,2014,11,28
42260,42850,42260,42625,438700,2014,11,27
42240,42700,41940,42540,593500,2014,11,26
43175,43370,42480,42570,392300,2014,11,25
42480,43170,42110,43100,661900,2014,11,21
43470,43495,42690,42845,472700,2014,11,20
43500,43895,43000,43030,686000,2014,11,19
43025,43590,42855,43535,612500,2014,11,18
43800,43910,42215,42615,1059700,2014,11,17
44665,44730,43760,44205,1788500,2014,11,14
43605,44370,43110,44285,761400,2014,11,13
43670,44350,43330,43480,1297700,2014,11,12
41615,43355,41580,43115,963600,2014,11,11
41800,41900,41240,41430,530600,2014,11,10
42935,42935,42100,42325,721700,2014,11,7
42750,43335,41800,42235,1031000,2014,11,6
41190,42920,41100,42450,1159300,2014,11,5
42465,42485,41500,41500,1647900,2014,11,4
38055,40900,38015,40365,1881900,2014,10,31
37145,37715,37040,37680,603000,2014,10,30
36465,37080,36280,36940,663400,2014,10,29
36700,36875,36120,36135,517600,2014,10,28
37085,37195,36810,36905,412400,2014,10,27
37000,37050,36585,36745,602400,2014,10,24
36500,37085,36460,36590,495600,2014,10,23
37085,37160,36285,36840,890300,2014,10,22
37520,37790,36625,36790,867000,2014,10,21
37445,37940,37205,37905,877200,2014,10,20
37635,37635,36570,36745,731000,2014,10,17
36575,37145,36555,37020,990300,2014,10,16
37600,37680,36960,37640,841300,2014,10,15
37500,37740,36920,36930,1214800,2014,10,14
38000,38455,37000,37890,1687300,2014,10,10
36875,37845,36860,37255,966300,2014,10,9
36385,36950,36365,36705,532600,2014,10,8
37355,37490,36855,36965,590500,2014,10,7
37520,37990,37260,37840,670400,2014,10,6
37810,37880,36635,37370,1013900,2014,10,3
36500,36975,36260,36370,766600,2014,10,2
36615,37210,36525,36780,423800,2014,10,1
36575,36940,36520,36705,417500,2014,9,30
36795,37050,36705,36810,368900,2014,9,29
36165,36910,36160,36655,603600,2014,9,26
37000,37170,36760,36865,521000,2014,9,25
35800,36510,35755,36405,507900,2014,9,24
35880,36270,35870,35970,447600,2014,9,22
35705,36395,35655,36250,1133500,2014,9,19
34640,35065,34450,35005,734900,2014,9,18
34150,34385,34075,34365,531700,2014,9,17
33505,33950,33505,33795,464900,2014,9,16
34065,34345,33900,34125,1866600,2014,9,12
33695,34185,33640,34135,485600,2014,9,11
33665,33725,33415,33675,359700,2014,9,10
33960,34070,33735,33900,354600,2014,9,9
34345,34360,33845,33960,339400,2014,9,8
34375,34400,34025,34035,381500,2014,9,5
33635,34000,33550,33970,387600,2014,9,4
33910,34250,33730,33735,734700,2014,9,3
32690,33360,32615,33165,482400,2014,9,2
32685,32700,32460,32540,139100,2014,9,1
32470,32550,32220,32550,412000,2014,8,29
32905,32935,32495,32665,357000,2014,8,28
33250,33250,32970,33065,263200,2014,8,27
33310,33355,32940,33000,279200,2014,8,26
33065,33410,33055,33355,363000,2014,8,25
32885,33150,32880,32900,236300,2014,8,22
32995,33070,32900,32985,281400,2014,8,21
32825,32935,32715,32800,218400,2014,8,20
33010,33055,32845,32850,345700,2014,8,19
32900,32985,32675,32695,312400,2014,8,18
33095,33100,32885,33030,170400,2014,8,15
33000,33160,32945,33005,212600,2014,8,14
32695,32970,32655,32885,293800,2014,8,13
33000,33220,32740,32885,319200,2014,8,12
33015,33190,32685,33100,545700,2014,8,11
32800,32990,32030,32105,1075000,2014,8,8
33045,33590,32970,33350,478800,2014,8,7
33480,33810,33205,33320,507200,2014,8,6
33950,34025,33520,33565,493400,2014,8,5
34010,34285,33950,34075,368900,2014,8,4
34290,34550,34105,34150,482100,2014,8,1
34395,34740,34285,34405,746500,2014,7,31
33930,34400,33920,33975,492600,2014,7,30
33610,34055,33545,33970,654700,2014,7,29
32900,33365,32835,33300,494000,2014,7,28
32360,32785,32340,32750,330600,2014,7,25
32370,32600,32180,32295,482200,2014,7,24
32350,32465,32210,32280,294000,2014,7,23
32360,32470,32225,32350,453600,2014,7,22
32375,32580,32185,32355,530600,2014,7,18
32980,33175,32860,32875,281000,2014,7,17
32960,33020,32615,32890,374600,2014,7,16
32710,33130,32710,33050,436100,2014,7,15
32875,32945,32380,32760,576600,2014,7,14
32990,33400,32555,32855,1070100,2014,7,11
33235,33685,33200,33505,565200,2014,7,10
33000,33255,32800,33240,471500,2014,7,9
33380,33535,33150,33220,447000,2014,7,8
33445,33750,33310,33580,394300,2014,7,7
33740,33750,33360,33420,336500,2014,7,4
33800,33865,33330,33375,566500,2014,7,3
33520,33775,33235,33335,460200,2014,7,2
33150,33790,33030,33455,623000,2014,7,1
33635,33790,33150,33330,510300,2014,6,30
34345,34565,33400,33635,653400,2014,6,27
34550,34645,34320,34590,308700,2014,6,26
34300,34615,34215,34350,318500,2014,6,25
34280,34895,34220,34700,359900,2014,6,24
34855,34975,34635,34765,503400,2014,6,23
34325,34770,34270,34415,611600,2014,6,20
33695,34495,33530,34480,707800,2014,6,19
33330,33785,33320,33605,494500,2014,6,18
33165,33490,33140,33250,354300,2014,6,17
33610,33835,32920,33150,645700,2014,6,16
32900,34030,32900,33975,1489100,2014,6,13
33925,33940,33255,33510,693200,2014,6,12
34300,34610,34110,34215,348900,2014,6,11
34780,35170,34215,34335,622300,2014,6,10
35075,35170,34870,34880,411100,2014,6,9
34995,35045,34525,34820,562900,2014,6,6
34440,34895,34400,34820,603400,2014,6,5
34840,35010,34110,34320,697200,2014,6,4
34990,35055,34700,34990,549700,2014,6,3
33960,34675,33850,34480,608500,2014,6,2
34215,34410,33420,33590,666000,2014,5,30
33600,34095,33600,34015,379400,2014,5,29
33825,34170,33530,34040,531700,2014,5,28
33420,34030,33400,33825,562500,2014,5,27
33305,33580,33265,33555,428500,2014,5,26
32600,33150,32560,32990,522400,2014,5,23
31940,32550,31805,32550,660100,2014,5,22
31365,31620,31225,31450,452800,2014,5,21
31570,31980,31535,31790,294900,2014,5,20
31930,32050,31365,31395,419000,2014,5,19
31210,31745,31120,31710,476800,2014,5,16
32050,32240,31790,31855,418100,2014,5,15
32635,33055,32445,32445,475400,2014,5,14
32120,32790,32015,32680,655600,2014,5,13
31315,31715,31275,31580,351800,2014,5,12
31360,31630,31265,31470,619500,2014,5,9
31320,31900,31320,31565,609200,2014,5,8
31600,31670,30950,30950,1033500,2014,5,7
31755,32220,31750,32040,502100,2014,5,2
31800,32220,31700,32100,499600,2014,5,1
32140,32230,31685,31770,668800,2014,4,30
32390,32595,32010,32140,935000,2014,4,28
32575,33220,32440,32770,608000,2014,4,25
33295,33465,32830,32875,475900,2014,4,24
33120,33430,32815,33275,480500,2014,4,23
33805,34095,32840,32860,557100,2014,4,22
33825,34260,33665,33700,401400,2014,4,21
33730,34155,33560,33710,462100,2014,4,18
33605,33745,33120,33430,665600,2014,4,17
32920,33950,32800,33950,883200,2014,4,16
33205,33250,32505,32660,743700,2014,4,15
33120,33140,32225,32795,1087900,2014,4,14
34610,34875,33030,33820,2688800,2014,4,11
37700,37795,36385,36710,635300,2014,4,10
37950,38195,37250,37250,664200,2014,4,9
38070,38770,37920,38220,663600,2014,4,8
37965,38400,37905,37975,426000,2014,4,7
37960,38685,37950,38665,398200,2014,4,4
37815,38760,37700,38400,643300,2014,4,3
37400,37935,36900,37730,556600,2014,4,2
37255,37555,36960,36990,458900,2014,4,1
38005,38165,37420,37435,464600,2014,3,31
37000,38040,36975,37885,552200,2014,3,28
35715,37265,35680,37170,847100,2014,3,27
36315,36415,35850,35980,663600,2014,3,26
35985,36305,35760,35925,393000,2014,3,25
35780,36420,35320,36340,723700,2014,3,24
36605,36650,35150,35405,536800,2014,3,20
35510,36850,35235,36190,610400,2014,3,19
36110,36250,35590,35590,393900,2014,3,18
35625,35970,35425,35680,532900,2014,3,17
35740,36075,35580,35850,2126600,2014,3,14
37060,37245,36565,36690,491400,2014,3,13
37160,37250,36730,36760,592800,2014,3,12
37925,38060,37600,37870,474800,2014,3,11
38170,38645,37665,37690,541100,2014,3,10
38350,38580,37955,38400,713900,2014,3,7
37070,38125,36665,37650,761000,2014,3,6
36700,37145,36600,36975,861000,2014,3,5
35780,36070,35400,35890,620000,2014,3,4
34550,35675,34550,35480,792200,2014,3,3
35605,35700,34820,35050,588100,2014,2,28
35965,35970,35360,35550,457000,2014,2,27
35785,36670,35710,36180,436100,2014,2,26
36650,36845,36305,36530,569000,2014,2,25
35300,36080,35240,35995,610100,2014,2,24
34930,35940,34900,35755,763800,2014,2,21
35230,35375,34505,34525,730500,2014,2,20
35590,36125,35490,35720,471100,2014,2,19
35290,36685,34605,36265,1022900,2014,2,18
34520,35085,34425,34750,493600,2014,2,17
35625,36030,34500,34600,1375500,2014,2,14
36235,36380,35600,35715,731500,2014,2,13
37600,37795,36455,36630,737000,2014,2,12
36840,37360,36620,37335,554900,2014,2,10
36480,36520,36100,36260,519500,2014,2,7
35865,36730,35805,35830,674600,2014,2,6
36705,36895,35520,35960,1014400,2014,2,5
36400,36665,36000,36035,998200,2014,2,4
37410,37580,37015,37185,714600,2014,2,3
39205,39340,37500,38110,842000,2014,1,31
38670,38815,37980,38765,939400,2014,1,30
38830,39375,38700,39360,904700,2014,1,29
37895,38130,37525,38130,691900,2014,1,28
37150,37790,37120,37600,1047200,2014,1,27
38135,38475,37680,38215,1293600,2014,1,24
39025,39680,38740,38825,954600,2014,1,23
38500,39070,38120,38840,952300,2014,1,22
38100,39295,38100,39120,927200,2014,1,21
38300,38400,37850,38005,634600,2014,1,20
38245,39040,38200,38630,998100,2014,1,17
39210,39500,38600,38820,917700,2014,1,16
39900,39945,39215,39755,938700,2014,1,15
39050,39800,38900,39015,1504400,2014,1,14
40250,41600,40200,41100,2206300,2014,1,10
40450,40550,39700,39800,943200,2014,1,9
40850,41550,40750,41350,722800,2014,1,8
40200,41250,40200,40500,1093600,2014,1,7
42500,42600,40900,40900,1562000,2014,1,6
43400,43800,42600,43400,841000,2013,12,30
43950,44150,42650,43300,941900,2013,12,27
44800,45350,43300,44050,1219600,2013,12,26
42550,44450,42350,44350,1209900,2013,12,25
42800,43300,42150,42350,1319800,2013,12,24
40500,41900,40500,41850,988100,2013,12,20
40150,41050,39850,40750,1714000,2013,12,19
37950,39050,37900,39000,1005900,2013,12,18
37850,38300,37750,37950,633700,2013,12,17
38250,38300,37350,37400,623600,2013,12,16
37000,38400,37000,38100,2793800,2013,12,13
37250,37400,36700,37200,834800,2013,12,12
37600,37900,37150,37700,860600,2013,12,11
38450,38500,38000,38150,661900,2013,12,10
38300,38750,38000,38700,791700,2013,12,9
36500,37550,36500,37450,834700,2013,12,6
38050,38350,36750,37000,1092400,2013,12,5
38300,38800,37800,38200,1072000,2013,12,4
39350,39450,38700,38950,1009900,2013,12,3
38600,39050,38400,38950,592800,2013,12,2
38650,39600,38350,38800,1152600,2013,11,29
38000,39000,37950,38950,1176500,2013,11,28
37250,37700,36850,37650,668100,2013,11,27
37200,37800,37150,37700,591200,2013,11,26
37400,37950,37100,37700,879500,2013,11,25
37800,38000,36750,36800,1197400,2013,11,22
36400,37350,36100,37100,1143900,2013,11,21
36150,36400,35800,35800,643600,2013,11,20
35550,36000,35250,35950,667000,2013,11,19
36050,36300,35300,35700,896500,2013,11,18
35050,35750,34600,35600,1321200,2013,11,15
33050,34650,32950,34250,1565600,2013,11,14
31800,32650,31800,32550,543300,2013,11,13
30950,32250,30850,32200,823500,2013,11,12
30900,31000,30650,30800,589700,2013,11,11
30900,31050,30350,30600,1058200,2013,11,8
32400,32550,31700,31750,456700,2013,11,7
31500,32350,31400,32250,617700,2013,11,6
32800,32850,32200,32500,436600,2013,11,5
33050,33350,32400,32650,563900,2013,11,1
33700,33800,32850,32850,546200,2013,10,31
33550,34000,33400,33900,657900,2013,10,30
32700,33100,32600,33000,467800,2013,10,29
32850,33250,32600,33200,458000,2013,10,28
33050,33350,32150,32150,816500,2013,10,25
33300,33650,32600,33300,715600,2013,10,24
34650,34700,33350,33500,689000,2013,10,23
34000,34650,34000,34450,327200,2013,10,22
34050,34300,33950,34200,431100,2013,10,21
33950,34250,33700,33850,508300,2013,10,18
34450,34600,33850,34150,645600,2013,10,17
34000,34200,33650,33850,583900,2013,10,16
33650,34350,33650,34200,623100,2013,10,15
33150,33500,32700,33450,2100600,2013,10,11
35300,35350,34250,34550,463200,2013,10,10
34150,34850,33850,34750,512600,2013,10,9
33950,34600,33700,34550,520300,2013,10,8
35000,35050,34000,34050,658800,2013,10,7
34750,35200,34300,34600,738600,2013,10,4
34850,35450,34550,35250,1047800,2013,10,3
37150,37250,35450,35550,1194000,2013,10,2
37200,37650,36950,37100,574500,2013,10,1
36800,37350,36650,36850,626000,2013,9,30
37700,38100,37400,37750,727400,2013,9,27
36750,37800,36400,37600,777400,2013,9,26
36900,37200,36350,36350,613500,2013,9,25
36550,37300,36350,37200,465100,2013,9,24
36950,37100,36600,36750,570600,2013,9,20
37000,37200,36500,36900,832800,2013,9,19
35500,36500,35450,36350,766900,2013,9,18
35650,35750,35150,35200,365700,2013,9,17
35150,35600,35000,35500,2078900,2013,9,13
34900,35650,34900,35300,617400,2013,9,12
34950,35900,34750,34750,747500,2013,9,11
34400,34800,34150,34750,607300,2013,9,10
34350,34350,33800,34050,619100,2013,9,9
34500,34500,32950,32950,697000,2013,9,6
34500,34800,33900,34200,677500,2013,9,5
34050,34100,33100,34050,851700,2013,9,4
33000,34100,33000,34050,874800,2013,9,3
32050,32900,31850,32750,503100,2013,9,2
32100,32350,31700,31900,662300,2013,8,30
31300,31800,31150,31800,601000,2013,8,29
30150,31100,30050,30900,636500,2013,8,28
31300,31800,31150,31300,310900,2013,8,27
32150,32200,31600,31750,350100,2013,8,26
32050,32450,31600,31850,773200,2013,8,23
31000,31500,30600,31100,484200,2013,8,22
31350,31550,30400,31300,724300,2013,8,21
31600,32000,30950,31150,658300,2013,8,20
32350,32450,31800,32200,352800,2013,8,19
31500,32400,31200,32000,484200,2013,8,16
32500,33050,31900,32100,690100,2013,8,15
32800,33250,31950,33200,727100,2013,8,14
32000,32650,31750,32650,548700,2013,8,13
31200,31900,30750,31300,520000,2013,8,12
31950,32450,31300,31650,1176800,2013,8,9
32950,34000,31900,32100,885900,2013,8,8
33650,34150,32900,32900,900100,2013,8,7
34550,35150,33600,35050,632000,2013,8,6
35300,35600,34600,34700,500200,2013,8,5
34900,35750,34800,35600,694400,2013,8,2
33050,34200,33000,34200,575700,2013,8,1
33700,33700,33000,33550,767800,2013,7,31
33800,34550,33600,34400,804600,2013,7,30
34750,35200,34100,34100,716200,2013,7,29
36150,36600,35450,35450,772300,2013,7,26
36350,36950,36200,36650,501500,2013,7,25
36450,36600,36100,36300,554700,2013,7,24
36000,37150,35950,36650,635900,2013,7,23
36800,36900,35750,36450,724900,2013,7,22
37300,37700,35500,36150,1503000,2013,7,19
35950,36900,35500,36750,827000,2013,7,18
35050,35900,34950,35850,641800,2013,7,17
35750,36450,34900,35300,1185400,2013,7,16
36700,37150,36000,36450,2045100,2013,7,12
37400,38750,37350,38700,607900,2013,7,11
37950,38750,37250,38000,741300,2013,7,10
37150,38500,36700,38450,775300,2013,7,9
37900,38250,36750,36800,769100,2013,7,8
35900,37000,35750,37000,729900,2013,7,5
34550,35350,34400,35250,399100,2013,7,4
36000,36250,34450,34800,919900,2013,7,3
33900,35350,33800,35300,794700,2013,7,2
33500,34000,32700,33900,587800,2013,7,1
31850,33500,31300,33450,929200,2013,6,28
31000,31650,30600,31500,630900,2013,6,27
31300,31850,30450,30600,832900,2013,6,26
30500,31100,29670,30500,855800,2013,6,25
32150,32150,30100,30300,643500,2013,6,24
29210,31950,29010,31050,1457500,2013,6,21
29670,30450,29220,29620,1124100,2013,6,20
30350,30700,29630,30300,797200,2013,6,19
29310,30200,29120,29820,706000,2013,6,18
28500,29800,27900,29740,1089400,2013,6,17
28650,29650,28540,28940,2795100,2013,6,14
30350,30550,28550,28550,1669200,2013,6,13
30600,31400,30100,31250,644000,2013,6,12
31900,32500,31050,31250,798500,2013,6,11
32500,32550,30600,32050,959100,2013,6,10
28990,31350,28580,31100,1776000,2013,6,7
30350,30450,29210,29460,1642600,2013,6,6
33950,34100,29580,29920,1979000,2013,6,5
32950,33900,32000,33050,1121600,2013,6,4
34600,34600,32700,32700,1052000,2013,6,3
34600,35200,33650,34900,1148600,2013,5,31
35750,36100,33200,33200,1562000,2013,5,30
38450,38550,36800,37350,932000,2013,5,29
37100,38950,36900,38100,875600,2013,5,28
36200,37600,35600,37250,1049300,2013,5,27
39550,40200,35200,38300,2233800,2013,5,24
42000,44400,38100,38100,2721100,2013,5,23
38600,41500,38550,41400,1105000,2013,5,22
38700,38950,38250,38550,416000,2013,5,21
38750,39200,38600,39200,537100,2013,5,20
38250,38900,37700,38900,644600,2013,5,17
38750,38850,37550,38250,740400,2013,5,16
39000,39250,38250,38800,530200,2013,5,15
38300,38400,37900,38000,347400,2013,5,14
37850,38450,37550,38000,451900,2013,5,13
37400,37600,36850,37300,1043500,2013,5,10
36450,36900,36250,36250,365500,2013,5,9
36400,36900,36100,36250,690800,2013,5,8
36600,37050,36000,36950,688400,2013,5,7
35950,36100,35300,35350,595800,2013,5,2
35750,36450,35500,36000,428600,2013,5,1
35600,35850,34900,35700,706600,2013,4,30
34600,35750,34350,35700,1486000,2013,4,26
34050,34450,33650,34100,628800,2013,4,25
33750,34100,33650,34050,434400,2013,4,24
33950,34150,33450,33500,412900,2013,4,23
33900,34350,33550,34300,523000,2013,4,22
33950,33950,33350,33500,378300,2013,4,19
33500,34150,33300,33500,631500,2013,4,18
34050,34400,33700,33950,498400,2013,4,17
32650,34300,32550,33800,929200,2013,4,16
33550,34200,33350,33350,661400,2013,4,15
33850,34800,32650,34250,2437900,2013,4,12
34200,34550,33300,34550,1049100,2013,4,11
33500,34150,33300,33500,1013400,2013,4,10
34900,35200,33700,33750,940900,2013,4,9
35600,36300,34900,35050,868800,2013,4,8
38000,38350,34900,34900,1376100,2013,4,5
34800,35850,33600,35650,1395300,2013,4,4
33500,35800,33350,35650,1713000,2013,4,3
30850,31350,30300,31300,1230700,2013,4,2
30850,31350,30500,30650,1731200,2013,4,1
30200,30800,30000,30650,518000,2013,3,29
29970,30250,29810,29930,1018700,2013,3,28
30400,30450,29700,30150,484400,2013,3,27
30150,30600,30050,30150,521300,2013,3,26
30100,30900,29940,30700,857600,2013,3,25
30200,30400,29300,29330,919700,2013,3,22
30550,30800,30200,30700,423800,2013,3,21
30050,30250,29840,30100,597600,2013,3,19
29620,29820,29290,29290,682700,2013,3,18
30300,30650,30100,30400,490600,2013,3,15
29860,30350,29850,30300,778000,2013,3,14
30100,30350,29390,29550,1083500,2013,3,13
30900,31300,29990,30200,1014500,2013,3,12
31450,31500,30700,30900,1092800,2013,3,11
29000,31600,28950,31500,4937300,2013,3,8
29440,29650,28610,28690,1306700,2013,3,7
27570,29070,27530,28940,1698900,2013,3,6
26370,27100,26210,26770,1100000,2013,3,5
25800,25800,25130,25370,542400,2013,3,4
25170,25630,25080,25380,505500,2013,3,1
25150,25480,25050,25430,849500,2013,2,28
25100,25240,24570,24580,588700,2013,2,27
25000,25300,24920,24960,1063600,2013,2,26
25660,26000,25590,26000,817100,2013,2,25
24830,25190,24510,25170,664100,2013,2,22
25360,25470,24870,24910,659000,2013,2,21
25520,25550,25320,25450,506600,2013,2,20
25200,25590,25150,25320,386300,2013,2,19
25210,25540,25050,25390,736600,2013,2,18
24780,25290,24730,24860,785200,2013,2,15
24690,25050,24570,24910,618800,2013,2,14
24900,24970,24650,24680,408100,2013,2,13
24760,24980,24500,24860,644000,2013,2,12
24210,24750,24010,24070,1488000,2013,2,8
24950,25040,24600,24710,666400,2013,2,7
24790,25310,24730,25200,922900,2013,2,6
24310,24470,24110,24230,698500,2013,2,5
25170,25260,24910,25020,559200,2013,2,4
24360,24940,24230,24850,700300,2013,2,1
23570,24080,23490,24080,580300,2013,1,31
23050,23840,22950,23840,735100,2013,1,30
22690,23130,22650,22850,480700,2013,1,29
23380,23450,22900,22940,380700,2013,1,28
23050,23210,22740,23210,472800,2013,1,25
22470,22670,22270,22550,477300,2013,1,24
22650,23070,22330,22330,894000,2013,1,23
22780,23300,22730,22900,1021700,2013,1,22
23490,23500,22590,22590,686200,2013,1,21
23240,23480,22910,23430,892000,2013,1,18
22700,23190,22170,22740,1001000,2013,1,17
23410,23420,22710,22720,1010500,2013,1,16
23860,24090,23770,23820,771200,2013,1,15
22790,23650,22790,23640,1857900,2013,1,11
22800,22940,22510,22560,588100,2013,1,10
22610,22910,22600,22820,633900,2013,1,9
22690,22950,22580,22910,616800,2013,1,8
22350,22890,22150,22810,980700,2013,1,7
22500,22530,22030,22200,587300,2013,1,4
21480,21970,21450,21840,854200,2012,12,28
21300,21560,21220,21270,749600,2012,12,27
20890,21170,20640,21170,644000,2012,12,26
20350,20770,20290,20770,657300,2012,12,25
20590,20710,20050,20090,958000,2012,12,21
20800,20880,20310,20370,1030200,2012,12,20
21040,21330,20820,21230,834000,2012,12,19
20610,20840,20540,20830,562500,2012,12,18
20320,20910,20220,20500,1043300,2012,12,17
20060,20120,19820,19920,2743500,2012,12,14
19980,20260,19890,20200,866600,2012,12,13
19800,19860,19610,19790,520800,2012,12,12
19360,19700,19340,19640,584700,2012,12,11
19290,19460,19140,19420,460600,2012,12,10
19240,19360,19120,19130,393700,2012,12,7
19200,19420,19050,19250,726600,2012,12,6
18690,19280,18690,19250,955500,2012,12,5
18950,18990,18680,18690,513700,2012,12,4
18800,19090,18730,19010,574900,2012,12,3
18600,18800,18500,18720,671900,2012,11,30
18490,18520,18250,18490,637900,2012,11,29
18460,18640,18400,18430,605600,2012,11,28
18030,18500,18030,18380,573500,2012,11,27
18000,18220,17930,18030,580900,2012,11,26
17790,17860,17640,17860,397800,2012,11,22
17600,17670,17470,17620,419000,2012,11,21
17400,17560,17220,17480,337900,2012,11,20
17400,17490,17200,17420,383900,2012,11,19
17100,17310,16990,17170,582200,2012,11,16
16800,16920,16620,16910,485800,2012,11,15
16850,16930,16680,16690,246600,2012,11,14
16980,17170,16720,16760,441700,2012,11,13
16800,16950,16700,16830,298200,2012,11,12
17050,17170,16870,16870,595300,2012,11,9
17220,17340,17040,17140,316400,2012,11,8
17480,17530,17180,17380,367600,2012,11,7
17420,17430,17220,17340,315700,2012,11,6
17350,17410,17230,17310,434600,2012,11,5
17650,17650,17420,17420,379500,2012,11,2
17700,17710,17350,17440,580300,2012,11,1
17920,18030,17780,17780,472800,2012,10,31
17890,18080,17650,17690,526900,2012,10,30
17950,18000,17760,17830,336000,2012,10,29
17940,18020,17730,17770,541000,2012,10,26
17420,17870,17410,17850,578200,2012,10,25
17030,17590,16970,17400,599300,2012,10,24
17150,17340,17150,17300,538900,2012,10,23
16880,17120,16650,17080,421700,2012,10,22
17010,17010,16830,16910,452600,2012,10,19
16650,17070,16510,17010,721100,2012,10,18
16300,16620,16140,16540,784000,2012,10,17
16100,16250,16100,16190,623200,2012,10,16
16100,16320,15810,16000,902300,2012,10,15
16700,16700,15920,16040,2993400,2012,10,12
17790,17900,17580,17810,634500,2012,10,11
18300,18400,18000,18040,481400,2012,10,10
18470,18640,18280,18480,411000,2012,10,9
18300,18500,18270,18470,459100,2012,10,5
18230,18320,18060,18150,390000,2012,10,4
17760,18300,17730,18180,828400,2012,10,3
17710,17850,17500,17530,582000,2012,10,2
18120,18260,17710,17790,384000,2012,10,1
18300,18400,18150,18150,528500,2012,9,28
18100,18150,17830,18120,358400,2012,9,27
18120,18160,18010,18020,364500,2012,9,26
18110,18430,18100,18190,556200,2012,9,25
17990,18350,17830,18110,833100,2012,9,24
18210,18220,17990,18060,381500,2012,9,21
18060,18250,18000,18060,1063500,2012,9,20
17580,18250,17560,18050,1166700,2012,9,19
18490,18490,17470,17480,1517700,2012,9,18
18580,18840,18580,18790,1906800,2012,9,14
18300,18450,18220,18400,259100,2012,9,13
18180,18340,18010,18310,327900,2012,9,12
17970,18190,17930,18080,322200,2012,9,11
18050,18160,17850,18030,423400,2012,9,10
18220,18300,18110,18110,431500,2012,9,7
17900,18080,17750,18010,376300,2012,9,6
17920,18120,17780,17900,727000,2012,9,5
18200,18260,17990,18080,439300,2012,9,4
18270,18400,18140,18140,372600,2012,9,3
18070,18370,18050,18270,387700,2012,8,31
18500,18500,18200,18270,352300,2012,8,30
18500,18540,18380,18520,467600,2012,8,29
18450,18580,18340,18540,733900,2012,8,28
18250,18340,18190,18300,341700,2012,8,27
18150,18190,18060,18090,409600,2012,8,24
18110,18400,18020,18350,585900,2012,8,23
17920,18200,17910,18190,413900,2012,8,22
17920,18080,17850,17920,349900,2012,8,21
17990,18040,17890,17940,485800,2012,8,20
17980,18050,17870,17920,534400,2012,8,17
17520,17950,17410,17920,650200,2012,8,16
17400,17450,17210,17400,279500,2012,8,15
17270,17400,17260,17360,328400,2012,8,14
17200,17370,17190,17250,229500,2012,8,13
17460,17590,17210,17220,856100,2012,8,10
17220,17680,17210,17610,727300,2012,8,9
16950,17340,16950,17220,771000,2012,8,8
16630,16900,16600,16840,466100,2012,8,7
16460,16700,16420,16650,509100,2012,8,6
15850,16490,15850,16300,853200,2012,8,3
16230,16230,15720,15840,768100,2012,8,2
16050,16310,16020,16270,463000,2012,8,1
15960,16230,15950,16150,510700,2012,7,31
16070,16100,15900,15980,370500,2012,7,30
16060,16150,15920,15950,372100,2012,7,27
15890,15930,15760,15910,500500,2012,7,26
15740,15850,15620,15770,497400,2012,7,25
15800,15940,15660,15840,470300,2012,7,24
16090,16120,15660,15730,518000,2012,7,23
15980,16340,15930,16090,693900,2012,7,20
15980,16150,15850,15900,493900,2012,7,19
16170,16170,15940,16000,576900,2012,7,18
15410,16100,15400,16060,908600,2012,7,17
15210,15520,15210,15330,920400,2012,7,13
15480,15630,15250,15290,721400,2012,7,12
15320,15460,15300,15430,455300,2012,7,11
15410,15490,15280,15380,616600,2012,7,10
15280,15630,15270,15400,825800,2012,7,9
15730,15900,15670,15790,466900,2012,7,6
15810,15880,15710,15780,299400,2012,7,5
15850,15960,15770,15850,420500,2012,7,4
15560,15750,15400,15720,875800,2012,7,3
16000,16140,15920,15960,474400,2012,7,2
15560,16000,15520,15880,667700,2012,6,29
15950,15950,15620,15720,577500,2012,6,28
15550,15790,15450,15790,551100,2012,6,27
15190,15610,15170,15510,561300,2012,6,26
15200,15390,15200,15310,408800,2012,6,25
15260,15430,15210,15350,587100,2012,6,22
15360,15540,15230,15460,685500,2012,6,21
15490,15540,15180,15350,689500,2012,6,20
15600,15610,15300,15390,492200,2012,6,19
15800,15830,15550,15600,524200,2012,6,18
15410,15560,15350,15490,669100,2012,6,15
15300,15570,15270,15290,903200,2012,6,14
15270,15560,15270,15500,637400,2012,6,13
15210,15600,15140,15220,814600,2012,6,12
15580,15620,15420,15500,688100,2012,6,11
15760,15990,15210,15250,3979800,2012,6,8
16450,16530,16010,16030,964400,2012,6,7
16200,16470,15830,16360,1367600,2012,6,6
17000,17010,16050,16060,1815700,2012,6,5
17370,17650,17300,17610,696000,2012,6,4
17490,17830,17480,17770,623400,2012,6,1
17570,17710,17240,17490,879200,2012,5,31
17670,17990,17620,17890,657500,2012,5,30
17580,17780,17440,17660,733700,2012,5,29
17400,17740,17360,17590,588600,2012,5,28
16870,17250,16760,17220,610900,2012,5,25
16760,17000,16750,16820,695900,2012,5,24
17080,17090,16580,16710,754900,2012,5,23
17180,17270,16920,17200,595300,2012,5,22
16940,17170,16810,17100,618700,2012,5,21
16480,16880,16470,16670,870800,2012,5,18
16830,16970,16610,16700,830500,2012,5,17
16840,16980,16710,16820,845100,2012,5,16
16760,17100,16670,16980,652300,2012,5,15
16540,16970,16510,16820,506900,2012,5,14
16630,16690,16410,16450,701200,2012,5,11
16880,16880,16630,16640,545600,2012,5,10
17090,17090,16850,16890,548500,2012,5,9
16890,17230,16890,17150,549100,2012,5,8
16730,17160,16670,16890,788700,2012,5,7
17650,17670,17270,17500,551300,2012,5,2
17680,17810,17510,17600,501400,2012,5,1
17830,18070,17680,17930,1007000,2012,4,27
17880,17940,17580,17860,1248100,2012,4,26
17950,18160,17910,18060,774700,2012,4,25
17880,18030,17630,17850,671600,2012,4,24
18460,18480,17930,18060,784300,2012,4,23
18540,18670,18500,18590,485100,2012,4,20
18620,18750,18540,18690,568800,2012,4,19
18930,18950,18570,18860,541800,2012,4,18
18520,18760,18310,18600,626000,2012,4,17
18900,18900,18540,18690,768500,2012,4,16
18270,19020,18240,18970,3616500,2012,4,13
17320,17530,17230,17470,532700,2012,4,12
17340,17420,17170,17210,662500,2012,4,11
17440,17690,17350,17490,543300,2012,4,10
17420,17630,17170,17350,657500,2012,4,9
17550,17690,17390,17570,761000,2012,4,6
17680,17980,17380,17440,1587000,2012,4,5
18600,18630,17800,17800,1914900,2012,4,4
19020,19080,18880,18880,486100,2012,4,3
18890,19150,18870,19030,902800,2012,4,2
18550,18860,18410,18860,768900,2012,3,30
18300,18640,18220,18630,640000,2012,3,29
18350,18430,18260,18350,440600,2012,3,28
18250,18460,18160,18460,666200,2012,3,27
18120,18180,17990,18050,358200,2012,3,26
18000,18140,17940,18030,572000,2012,3,23
17950,18180,17910,18180,683000,2012,3,22
17610,18020,17610,18000,681700,2012,3,21
17720,17790,17530,17700,479500,2012,3,19
17930,17990,17640,17710,700700,2012,3,16
17950,18040,17860,17910,667100,2012,3,15
18120,18140,17860,17860,747400,2012,3,14
17700,17980,17690,17780,957400,2012,3,13
17870,17950,17580,17580,737700,2012,3,12
17780,17800,17470,17660,3354800,2012,3,9
17000,17400,16920,17400,921100,2012,3,8
16780,16950,16760,16790,745300,2012,3,7
17120,17350,17000,17020,736100,2012,3,6
16940,17210,16850,17080,698500,2012,3,5
16970,17000,16810,16850,625300,2012,3,2
16770,17070,16750,16960,653900,2012,3,1
16750,17030,16710,16830,756300,2012,2,29
16390,16720,16250,16720,562800,2012,2,28
16670,16670,16300,16380,535800,2012,2,27
16700,16730,16590,16680,600800,2012,2,24
16570,16820,16540,16690,779500,2012,2,23
16450,16670,16410,16610,648600,2012,2,22
16360,16480,16230,16450,575800,2012,2,21
16840,16840,16430,16450,552200,2012,2,20
16230,16520,16150,16440,1022600,2012,2,17
16120,16180,15910,15970,542300,2012,2,16
15780,16200,15740,16120,953500,2012,2,15
15500,15770,15470,15710,528900,2012,2,14
15500,15650,15320,15630,453200,2012,2,13
15680,15680,15460,15470,1007500,2012,2,10
15900,15910,15630,15710,700900,2012,2,9
15790,16030,15740,16000,773900,2012,2,8
15740,15780,15560,15620,470800,2012,2,7
15600,15830,15540,15810,527600,2012,2,6
15450,15520,15290,15440,604200,2012,2,3
15440,15480,15310,15470,531700,2012,2,2
15080,15250,14930,15220,491700,2012,2,1
15020,15200,15010,15150,639900,2012,1,31
15070,15200,14910,15000,472200,2012,1,30
14760,15030,14750,15030,814400,2012,1,27
14900,15020,14860,14970,379900,2012,1,26
15100,15100,14920,14920,500400,2012,1,25
14770,15110,14740,15100,714700,2012,1,24
14630,14790,14590,14720,541800,2012,1,23
14990,14990,14680,14680,778200,2012,1,20
14980,15060,14930,14950,507200,2012,1,19
14780,15000,14740,14980,650300,2012,1,18
14640,14820,14630,14750,442100,2012,1,17
14610,14670,14530,14610,360100,2012,1,16
14740,14780,14450,14770,1543700,2012,1,13
14520,14600,14330,14520,540500,2012,1,12
14360,14750,14280,14590,1043400,2012,1,11
13890,14390,13860,14390,952300,2012,1,10
13990,14030,13790,13850,765500,2012,1,6
13720,13840,13600,13800,511500,2012,1,5
14050,14050,13700,13720,559100,2012,1,4
